id,bid,user_id,用户昵称,微博正文,头条文章url,发布位置,艾特用户,话题,转发数,评论数,点赞数,发布时间,发布工具,微博图片url,微博视频url,retweet_id
4478178007088559,IwNLytK3B,5974334886,羊小恩YXE,学校是疯了吗？是不是拉什么赞助让我们当背锅侠?牛x三点十七发的通知三点半要答复，不回就自负，人干事?整天搞那些有的没的，各种软件乱下，还不好用，到底是人性的沦丧还是道德的滑坡?,,,,,0,1,1,2020-03-02 23:51,OPPO R9,,,
4478177357825078,IwNKvwPEW,5283669321,_Evie624_,huo👩🏻‍💻思想不滑坡,,,,,0,4,5,2020-03-02 23:49,iPhone XS Max,"['http://ww3.sinaimg.cn/large/005LzJKVgy1gcg0kz9a7uj31sc1scnpd.jpg', 'http://ww1.sinaimg.cn/large/005LzJKVgy1gcg0l1bcadj32ds1sc7wi.jpg']",,
4478176095161351,IwNItlEHB,3376169340,家里蹲教授无铭,滑坡的愉快你不懂~L家里蹲教授无铭的微博视频,,,,,39,36,155,2020-03-02 23:44,微博 weibo.com,,"http://f.video.weibocdn.com/BL6HV97Glx07BobUnnlK010412004gAz0E010.mp4?label=mp4_ld&template=360x360.25.0&trans_finger=40a32e8439c5409a63ccf853562a60ef&Expires=1591781554&ssig=v0blvTBY23&KID=unistore,video",
4478174886667181,IwNGwrYrb,2701126062,SCHW3INS7EIGER,剧情大半还不错，俗套却优质，有点分量，但结尾配合政宣就滑坡了…没有特别强的戏剧冲突，虽显寡淡但又温情…恰到好处的励志是人类和社会所需要的…男主父母撑起了生活化的笑点，后来还搭档《我可能不会爱你》中的程爸程妈，很配…有耳朵有眼睛不代表耳聪目明，人心就不是能轻易听懂看懂的…#听说#,,,,听说,0,0,0,2020-03-02 23:39,Android,,,
4478171409907924,IwNAUFzve,6403623147,Xiuxiuray,只要思想不滑坡，办法总比困难多。本人思想一直处于泥石流的状态哈哈哈哈哈,,,,,0,0,1,2020-03-02 23:25,,,,
4478167664416475,IwNuSiwVt,6910891591,胸多鷄少,我现在大概能明白赞土豆团队想要干掉风车姐的心了…风车姐大概是赞土豆团队上山的最大阻力滑坡的最牛助力祝风车姐身体健康长命百岁祝赞土豆泥石流到地心今天也是佩服风车姐的一天,,,,,0,23,30,2020-03-02 23:10,,,,
4478164258806101,IwNpnAWRT,7244417219,白塔小船不用桨,有的人的逻辑我真的不懂，你与其直接滑坡到觉得要被外国人强奸，不如先担心一下被中国男孩打死吧,,,,,0,0,22,2020-03-02 22:57,微博国际版,,,
4478162420941114,IwNmq3WPg,6505837337,Doctor-Jack-o-lantern,从物料看三季以来的审美滑坡……我等着看s3的正式海报能是个啥样。,,,,,0,0,0,2020-03-02 22:49,,"['http://ww2.sinaimg.cn/large/0076hPuhly1gcfyy1z400j30k00tntcw.jpg', 'http://ww2.sinaimg.cn/large/0076hPuhly1gcfyy2gknij30jm0u0wj0.jpg', 'http://ww1.sinaimg.cn/large/0076hPuhly1gcfyy3gx5ij31120ku7e3.jpg']",,
4478161196206507,IwNkrq2AX,5131609083,妈咪妈咪轰呛,只要思想不滑坡办法总比困难多,,,,,0,0,0,2020-03-02 22:44,iPhone客户端,"['http://ww3.sinaimg.cn/large/005BhHWrgy1gcfytg1it4j32c0340b29.jpg', 'http://ww1.sinaimg.cn/large/005BhHWrgy1gcfytdfxbnj33402c0qv5.jpg']",,
4478160559467712,IwNjpDIZ2,5203199966,最精彩的视频,父爱如山。。。体滑坡。,,,,,1,0,0,2020-03-02 22:42,即刻笔记,"['http://ww4.sinaimg.cn/large/70f86863ly1fse4264zzlg208w07l1ky.jpg', 'http://ww2.sinaimg.cn/large/70f86863ly1fse44pa8cfg208w0ft1lc.jpg', 'http://ww4.sinaimg.cn/large/70f86863ly1fse42gavrag20bo06k7wh.jpg', 'http://ww3.sinaimg.cn/large/70f86863ly1fse42al2qxg205d043wkn.jpg', 'http://ww1.sinaimg.cn/large/70f86863ly1fse42v1kbog20b4069x6p.jpg', 'http://ww4.sinaimg.cn/large/70f86863ly1fse42q4fqbg206o05kb29.jpg', 'http://ww1.sinaimg.cn/large/70f86863ly1fse42oo9wxg209p06o4qp.jpg', 'http://ww2.sinaimg.cn/large/70f86863ly1fse42gc7mtg206403fap6.jpg', 'http://ww1.sinaimg.cn/large/70f86863ly1fse42vp9wjg206m06o1ky.jpg']",,
4478158260769210,IwNfI3e6C,5902393068,轩美尼教育官微,只要思想不滑坡方法总比困难多线上学习再次开启ZL家人永远不会停止成长,,宜兴市,,,0,0,0,2020-03-02 22:33,前置双摄vivo X9,['http://ww1.sinaimg.cn/large/006rrQ4cly1gcfyhe6mhqj30u0190wiu.jpg'],,
4478157698393590,IwNeNzdyu,2848867885,babeei-boy,只要思想不滑坡方法总比困难多,,,,,0,0,1,2020-03-02 22:30,iPhone客户端,"['http://ww4.sinaimg.cn/large/a9ce462dgy1gcfyesxzylj21w01w07wh.jpg', 'http://ww1.sinaimg.cn/large/a9ce462dgy1gcfyeu3u2gj21w01w07wh.jpg', 'http://ww3.sinaimg.cn/large/a9ce462dgy1gcfyerp42jj21w01w0e5a.jpg']",,
4478155744143469,IwNbEhnU9,6364672076,曹乐乐lele,网课初体验白课有点糟糕，晚课还不错。这回才意识到自己老师有多好，好希望疫情快点过去，这一切快点结束吧。希望这是个好运的三月。最后借用shan老师的一句话“只要思想不滑坡，办法总比困难多。”,,,,,0,0,0,2020-03-02 22:23,iPhone客户端,"['http://ww4.sinaimg.cn/large/006WJvXely1gcfxy6agz8j30hr0qxtbk.jpg', 'http://ww3.sinaimg.cn/large/006WJvXely1gcfxy6lc43j30ku1ey424.jpg', 'http://ww1.sinaimg.cn/large/006WJvXely1gcfxy7bghaj30ku0pidi2.jpg', 'http://ww2.sinaimg.cn/large/006WJvXely1gcfxy7rojtj30ku1tmq78.jpg', 'http://ww1.sinaimg.cn/large/006WJvXely1gcfxyavxorj31w02iokjm.jpg', 'http://ww1.sinaimg.cn/large/006WJvXely1gcfxy5pg7fj30ku14qgot.jpg', 'http://ww2.sinaimg.cn/large/006WJvXely1gcfxy84rhnj30ku112k2g.jpg', 'http://ww2.sinaimg.cn/large/006WJvXely1gcfxy8l3xzj30ku0n7dhj.jpg', 'http://ww1.sinaimg.cn/large/006WJvXely1gcfy0otcj7j30ku0fcab6.jpg']",,
4478155471546895,IwNbd6upV,7159963561,趣味搞笑段王爷,只要思想不滑坡，办法总比问题多😉,,,,,0,0,0,2020-03-02 22:22,2019微博极速版,"['http://ww2.sinaimg.cn/large/007OytBfly1gcfy4ugsung306j08tnpd.jpg', 'http://ww4.sinaimg.cn/large/007OytBfly1gcfy4vnw75g305606owwa.jpg', 'http://ww4.sinaimg.cn/large/007OytBfly1gcfy51h307g30a00aeu0y.jpg', 'http://ww2.sinaimg.cn/large/007OytBfly1gcfy54kq47g307e0aw7wh.jpg', 'http://ww2.sinaimg.cn/large/007OytBfly1gcfy578ur4g304r06o7wh.jpg', 'http://ww1.sinaimg.cn/large/007OytBfly1gcfy59vx99g30av06fu0x.jpg', 'http://ww2.sinaimg.cn/large/007OytBfly1gcfy5eghcqg306407nhdu.jpg', 'http://ww1.sinaimg.cn/large/007OytBfly1gcfy5lxtv8g307l06rhdw.jpg', 'http://ww1.sinaimg.cn/large/007OytBfly1gcfy5uv4qgg305s0aa7wl.jpg']",,
4478152845357771,IwN6YmtNF,2864451084,利高线上LigoCity,山体滑坡,,,,,0,0,0,2020-03-02 22:11,微博 weibo.com,['http://ww1.sinaimg.cn/large/aabc0e0cgy1gcfxuxx0yng208m04ub1j.jpg'],,
4478151126158780,IwN4cpQba,3740722163,敏敏特穆尔亲亲,三星镜头怼脸，痘印还没消完，不过我不断滑坡的颜值好像出现了些许反弹？,,,,,0,0,0,2020-03-02 22:04,Samsung Galaxy S8+,['http://ww2.sinaimg.cn/large/def6e3f3ly1gcfxmhaqtmj21w02iou0x.jpg'],,
4478149947211561,IwN2iug3v,2828518711,Gemini_梦醒醒,来自木爸山体滑坡的吹头发,,,,,0,4,1,2020-03-02 22:00,iPhone客户端,['http://ww1.sinaimg.cn/large/a897c537ly1gcfxii6mvij21400u010z.jpg'],,
4478144293229947,IwMTbdyfV,7306160187,myohmyhuaye,2月3号关于疫情对投资思考的问答，里面谈到第一层次要知道疫情对经济影响巨大，第二层次要看到市场都看到了这点所以暴跌将快速带来高赔率，第三层次要看到经济不可能放任滑坡疫情稳定后必然有强力的经济刺激。这个演化方向是可以预期的，只不过这个演化过程确实有点快得超过预期。,,,,,0,0,0,2020-03-02 21:37,iPhone 8 Plus,,,
4478144029444376,IwMSKDCUE,5030260507,龙炯龙炯,生活远比想象中委屈但是你也远比想象中更强！L龙炯龙炯的微博视频,,广州,,,0,0,1,2020-03-02 21:36,iPhone客户端,,"http://f.video.weibocdn.com/002eDs6Bgx07BohmF01h0104120041LA0E010.mp4?label=mp4_ld&template=360x480.24.0&trans_finger=81b11b8c5ffb62d33ceb3244bdd17e7b&Expires=1591781554&ssig=f2J%2BqlcGAu&KID=unistore,video",
4478142678698417,IwMQzAuR3,2761587721,草莓酱momomo,只要思想不滑坡，办法总比困难多！,,,,,0,0,1,2020-03-02 21:31,iPhone客户端,,,
4478142028614646,IwMPwA93U,5967005782,鹄来LT,#偶像失声#学了个新名词，滑坡谬论。,,,,偶像失声,0,0,0,2020-03-02 21:28,vivo S1照亮你的美,,,
4478138367444986,IwMJCveMq,2002760655,春风亲吻我像蛋蛋蛋蛋达,再不运动就要心虚死了，果然体能滑坡好大，才做两组运动就腿软，甚至有点恶心明天继续@蛋达_0715,,,蛋达_0715,,0,0,4,2020-03-02 21:14,HUAWEI Mate 30,['http://ww1.sinaimg.cn/large/775fb3cfgy1gcfw5fq5o6j20ro0roaeo.jpg'],,
4478138341823852,IwMJA7EsY,1919114090,世界旅游名胜收录,1908年，挪威西部发生山体滑坡导致整个峡谷被封锁，洪水淹没农田形成了现在的Lygnstøylsvatnet湖,,,,,17,3,40,2020-03-02 21:14,微博 weibo.com,"['http://ww1.sinaimg.cn/large/72635b6agy1gcfeg5ynfwj20hs0a2did.jpg', 'http://ww2.sinaimg.cn/large/72635b6agy1gcfeg61rkmj20hs09dace.jpg', 'http://ww2.sinaimg.cn/large/72635b6agy1gcfeg670dlj20hs0crgoj.jpg', 'http://ww1.sinaimg.cn/large/72635b6agy1gcfeg65minj20hs0bvade.jpg', 'http://ww4.sinaimg.cn/large/72635b6agy1gcfeg6gdifj20hs09ytbv.jpg', 'http://ww2.sinaimg.cn/large/72635b6agy1gcfeg6yko1j20hs0bvwik.jpg', 'http://ww2.sinaimg.cn/large/72635b6agy1gcfeg6ioe0j20hs0b3ju5.jpg', 'http://ww2.sinaimg.cn/large/72635b6agy1gcfeg6fm51j20hs0bvjv8.jpg', 'http://ww4.sinaimg.cn/large/72635b6agy1gcfeg6x1eej20hs0bvgqg.jpg']",,
4478136790506239,IwMH527H9,6447640848,晴雨风曰,#战疫一线的家书#回想半个月前，王忠林临危受命。到任即提出六个坚决，原本以为是“官话”，回头再看，字字箴言：1、到任第二天的王书记，在武汉市全体干部电视电话会议上提出“四不两直”，为全市干部队伍打气，激发武汉英雄城市气概，要有英雄主人翁意识。（此前，干部积极性调动不起来，传染严重，官民都在躲避自保，无法有效组织百姓统一战线，抗击疫情，弄得全城百姓怨声载道，苦不堪言！）2、到任第二天的第二个会议提出目标：落实5个百分百。其中重中之重是救人，关键就在于床位和物资，你看看，这就是魄力，在慌乱中不乱阵脚，胸中有计策，才能运筹帷幄。3、到任第三天便建立统一战线——发动群众，守住门，不流动，不传染。痛批干部防控做法流于形式，没有把政策落实到位。“只要思想不滑坡，方法总比困难多。”4、到任第四天，王书记决定与时间赛跑——抢。抢阻隔、抢救治并撂下狠话：干部不换位思考，就马上换位置慢慢思考！（2月17日，发动广大党员干部进行为期三天的拉网式排查，不落一户一人，该住院就住院，该隔离就隔离，该封锁就封锁……并于19日让各区市县一把手签立“军令状”，若发现一例患者未排查到，革职查办！自从17日拉网式排查以来，当天确诊15000余例患者，18号以后每天都在递减，直至现在每天在疑似病例中确诊三百多例。正是这种务实作风和管理智慧拯救了武汉！事实证明：武汉胜，则湖北胜；湖北胜，则全国胜。胜利就在眼前……,,,,战疫一线的家书,9,9,21,2020-03-02 21:07,,"['http://ww4.sinaimg.cn/large/0072lDVely1gcfvygpu2uj30ts0nkgmw.jpg', 'http://ww4.sinaimg.cn/large/0072lDVely1gcfvyhueobj30te0jmmy2.jpg']",,
4478136156441547,IwMG3r1JV,3493421583,光临渺宇,水土流失造成泥石流，滑坡，塌方等自然灾害，生命财产损失巨大，中国首家水土保持公益组织绿泽源守护水土，守护身在山边的一份安全，您的一份力或许可以排查一个大的灾难，感谢爱德基金会的支持，感谢大家的支持。点击下放链接进入腾讯公益平台捐赠，期待有爱心的企业和人士联系。O网页链接,,,,,0,0,0,2020-03-02 21:05,HUAWEI Mate 10 Pro,,,
4478135321496177,IwMEI6hdT,3192108292,Chain零售观察家,【谁为优衣库做了一本发行量百万的杂志？】2019年优衣库推出了一本全新杂志《LifeWearmagazine》，一年出版两期，每期能发行100万册。这让面临收益滑坡、渠道减少危机的杂志界十分羡慕。杂志主编木下孝浩在编辑业界的盛名，始于他自2012年对日本生活方式杂志《POPEYE》的改版重塑。via未来预想图,,,,,0,0,1,2020-03-02 21:02,微博 weibo.com,"['http://ww2.sinaimg.cn/large/be43b504ly1gcfnln3nz8j20j60sr777.jpg', 'http://ww1.sinaimg.cn/large/be43b504ly1gcfnlmykffj20j60kfmxy.jpg', 'http://ww1.sinaimg.cn/large/be43b504ly1gcfnln2ealj20j60dw0u0.jpg', 'http://ww1.sinaimg.cn/large/be43b504ly1gcfnln2ka3j20j60dwgmh.jpg', 'http://ww4.sinaimg.cn/large/be43b504ly1gcfnln6gwbj20j60dwgng.jpg', 'http://ww3.sinaimg.cn/large/be43b504ly1gcfnln7sbfj20j60dwq4n.jpg', 'http://ww2.sinaimg.cn/large/be43b504ly1gcfnln9uygj20j60dwq4d.jpg', 'http://ww4.sinaimg.cn/large/be43b504ly1gcfnlnajbmj20j60csmxw.jpg', 'http://ww3.sinaimg.cn/large/be43b504ly1gcfnlnmy1tj20j60in0wo.jpg']",,
4478133892201229,IwMCp9eDH,6396690401,谎言22799,只要智商不滑坡，办法总比困难多,,池州,,,0,0,0,2020-03-02 20:56,iPhone客户端,,,
4478132881160362,IwMAM4RRw,2156882583,十坞一安,当情意开始滑坡，时间必是赢家。当脚步开始凌乱，沉默算是最好的掩饰。当遇到更好的人，痛苦也必然随之加加加倍。歌声响起，舞台沸腾，脑子要空空空空空空空空空空空空空空空空。好……吗？好的……,,,,,0,0,0,2020-03-02 20:52,vivo X20全面屏手机,,,
4478132092025972,IwMzv8v2Y,2936177664,方先生仒,uio414只要思想不滑坡，办法总比困难多。,,,,,0,0,0,2020-03-02 20:49,微博 weibo.com,['http://ww2.sinaimg.cn/large/af028400gy1gcfvh68kxjj208c08cdg1.jpg'],,
4478131664140298,IwMyOhn50,3197218854,人间皮皮兔,如懿传的脉络和立意都很好，但是剧情节奏不行，台词也不够考究。甄嬛传是删除了很多小说的的次要人物把剧情融合在一起的。如懿传人物太多了，为了凑上历史，太多的女人反反复复的生孩子死孩子让人看着觉得沉闷。前段朱砂一环套一环，但是令妃上线后剧情就直线滑坡，没表达出皇帝对令妃宠爱背后的扭曲。不过删除了替身来复仇的剧情倒是蛮好的。,,,,,0,0,0,2020-03-02 20:47,微博国际版,,,
4478131156845863,IwMxZsIV9,1837428045,陈宝Nevin-,宝哥说运动只要思想不滑坡，方法总比问题多。一理通，百理通；#运动康复#学生老妈，晚上八点总是脸发热发红；让她泡茶配合手法，简单解决问题。#T.F整体疗法分享#,,苏州,,"运动康复,T.F整体疗法分享",0,0,1,2020-03-02 20:45,宝哥说运动超话,"['http://ww4.sinaimg.cn/large/6d84ed4dly1gcfvdbqn6gj20u00vh44x.jpg', 'http://ww2.sinaimg.cn/large/6d84ed4dly1gcfvdbz68aj20u018qtgb.jpg', 'http://ww2.sinaimg.cn/large/6d84ed4dly1gcfvdcfqhrj20u014mtfz.jpg']",,
4478130746323605,IwMxkqx3D,5547632190,好粉粉棉花糖,您记得吗那年在青云峰山上，路很滑坡很斜，我们相互一步一步扶持着，你说要小心啊要小心啊。您记不得了吗您曾经是如此担心我今天却让我痛不欲生,,,,,0,0,1,2020-03-02 20:43,iPhone客户端,,,
4478129877536187,IwMvVvCvp,5061323700,张满月的新妹妹i,我和我妈日常的对话：我：妈妈，我在家这么久你烦不烦我？我妈：不烦，就是你离我远一点就行了。我：妈妈，好想喝奶茶我妈：你那个茶和牛奶兑在一起不就是了么？我暂且就以为我妈不知道凉茶配凉牛奶会拉肚子日常觉得母爱滑坡,,,,,0,0,0,2020-03-02 20:40,新妹妹的iPhone 8 Plus（金色）,['http://ww3.sinaimg.cn/large/005wwNvely1gcfv5aot21j30j60gl753.jpg'],,
4478127994666329,IwMsTjzVn,6490693418,带你逛B站,父爱如山体滑坡🌚L带你逛B站的微博视频,,,,,96,111,619,2020-03-02 20:32,站站&iPhone客户端,,"http://f.video.weibocdn.com/aGP9Xixzlx07BocZ2B5C01041200lUFD0E010.mp4?label=mp4_ld&template=640x360.25.0&trans_finger=40a32e8439c5409a63ccf853562a60ef&Expires=1591781560&ssig=S%2F5KNpx96V&KID=unistore,video",
4478126669060578,IwMqKC14m,2831186542,邵由君_EightDaysAWeek,用滑坡论证来抖机灵的行为总是让我生理恶心,,,,,0,0,0,2020-03-02 20:27,微博国际版,,,
4478126489097442,IwMqsCaEW,6340013588,察网微博,#观风察俗#【崭新的方舱医院，能否治好几十年的旧疾？】O网页链接把医疗作为盈利的手段，这是极端错误和短视的思想，他富了少数人，增加了多数人的负担，同时，割裂了社会群体，造成社会关系紧张，又进一步增加了社会稳定成本，并会导致社会道德滑坡，这一切，难道不是已经印证了吗？从长远看，也是极大的耽误了社会发展和文明进步呀。说到这里，你难道还不佩服毛主席他老人家的眼光和思想吗？！,,,,观风察俗,1,1,4,2020-03-02 20:26,搜狗高速浏览器,['http://ww4.sinaimg.cn/large/006V439Gly1gcfuu17ru5j30u00frmyo.jpg'],,
4478122571380442,IwMk95N7c,5041898236,察网,【崭新的方舱医院，能否治好几十年的旧疾？】O网页链接把医疗作为盈利的手段，这是极端错误和短视的思想，他富了少数人，增加了多数人的负担，同时，割裂了社会群体，造成社会关系紧张，又进一步增加了社会稳定成本，并会导致社会道德滑坡，这一切，难道不是已经印证了吗？从长远看，也是极大的耽误了社会发展和文明进步呀。说到这里，你难道还不佩服毛主席他老人家的眼光和思想吗？！#观风察俗#O坚强|崭新的方舱医院，能否治好几十年的旧疾？,,,,观风察俗,28,8,34,2020-03-02 20:11,微博 weibo.com,,,
4478119601381688,IwMfm5Nri,5672707493,Elimsla,#开学第一天#只要思想不滑坡办法总比困难多☺️,,,,开学第一天,0,0,0,2020-03-02 19:59,👼🏻iPhone XR,['http://ww3.sinaimg.cn/large/006bU6m9gy1gcfu07l3kij32c02c0x6p.jpg'],,
4478118691410399,IwMdT5UUn,2189375415,广西气象,#广西天气#预计今天晚上到4日，我区还将有一次明显降温降雨并伴有强对流天气过程。各地气温下降幅度：桂东北4～6℃，局部8℃以上；其它地区6～8℃，局部9℃以上。提醒公众注意防御局地强降水引发的城乡积涝、山洪、泥石流、滑坡等地质灾害，雷电、冰雹和短时大风等强对流天气也不可小觑，强对流天气出现时不要外出，在室内躲避。初春，气温波动大，需适当“春捂”，防范呼吸道疾病。L广西气象的微博视频,,,,广西天气,1,5,6,2020-03-02 19:55,微博视频,,"http://f.video.weibocdn.com/000DNds7gx07BoargNHp01041200qnxN0E010.mp4?label=mp4_ld&template=640x360.25.0&trans_finger=40a32e8439c5409a63ccf853562a60ef&Expires=1591781573&ssig=w5jt7CV4cH&KID=unistore,video",
4478116070537641,IwM9F2fRD,1965356803,奋进的小敏敏,遇到问题，就解决问题。遇到困难，就克服困难。遇到挫折，就地上躺躺…休息够了再上路。只要思想不滑坡，办法总比困难多。加油！,,,,,0,0,0,2020-03-02 19:45,加油吧iPhone 8 Plus,"['http://ww1.sinaimg.cn/large/7524f703gy1gcftmfv10fj21hc0u00xn.jpg', 'http://ww2.sinaimg.cn/large/7524f703gy1gcftmgg999j219m0yidm0.jpg', 'http://ww4.sinaimg.cn/large/7524f703gy1gcftmgw5kqj20c80c8n1m.jpg']",,
4478115180881182,IwM8e3HeC,7007823067,特魔豆,特斯拉每天都要经历这种山体滑坡过山车蹦极哈哈哈,,泉州,,,0,4,2,2020-03-02 19:42,特斯拉超话,['http://ww4.sinaimg.cn/large/007Eg6Ujgy1gcftisnz05j30yi22o7wh.jpg'],,
4478113126192365,IwM4UpYUR,7210239054,幽默幸运儿,只要思想不滑坡，方法总比困难多！#一段冷幽默##搞笑视频#L幽默幸运儿的微博视频,,,,"一段冷幽默,搞笑视频",0,0,2,2020-03-02 19:33,幽默幸运儿Android,,"http://f.video.weibocdn.com/ZNTLa23Ylx07Bo8VMdVC010412000uFd0E010.mp4?label=mp4_ld&template=360x640.24.0&trans_finger=81b11b8c5ffb62d33ceb3244bdd17e7b&Expires=1591781573&ssig=%2BbaLFx84Jn&KID=unistore,video",
4478112949097750,IwM4CCaJU,5710971079,dannininiiii,来自rwf的投喂和公司的投喂rwf被我逼迫开始认真学做饭了，而我的厨艺如山体滑坡，今天的番茄炒蛋差点没把我咸死希望疫情早点结束,,,,,0,4,5,2020-03-02 19:33,小米Note 3 拍人更美,"['http://ww3.sinaimg.cn/large/006euEsLly1gcft4hccyhj33402bsnpg.jpg', 'http://ww2.sinaimg.cn/large/006euEsLly1gcft4f7uzzj33402bshdw.jpg', 'http://ww2.sinaimg.cn/large/006euEsLly1gcft8cxzf8j31430u0doh.jpg']",,
4478112169810140,IwM3mFa44,6192877105,健身侦探,#健身#健身房不开门，健身爱好者如何“自救”？只要精神不滑坡，办法总比困难多L健身侦探的微博视频,,,,健身,0,0,0,2020-03-02 19:30,微博网页,,"http://f.video.weibocdn.com/5ZxwPhLslx07BmwfZqZW010412001ZcD0E010.mp4?label=mp4_ld&template=640x360.25.0&trans_finger=40a32e8439c5409a63ccf853562a60ef&Expires=1591781573&ssig=jJAsZMiLYO&KID=unistore,video",
4478110936277959,IwM1nqlbp,3824299584,自娱哥,近来互联网发生了一件大事，肖战和粉丝成为了众矢之的，口碑严重滑坡，多个代言也受到了影响。起因是肖战王一博CP粉丝在著名非公益同人网站AO3发表了一篇文章，肖战粉丝在看到后认为这篇文章有侮辱嫌疑，便疯狂举报AO3，导致AO3在国内无法正常浏览了。要知道AO3这个网站是全球最大的非盈利小说网站，而且有数百万篇优秀的小说文章，曾获得有文学界奥斯卡之称的雨果奖，没想到在肖战粉的集火下落得这样的下场，让很多...O网页链接,,,,,0,0,1,2020-03-02 19:25,,['http://ww4.sinaimg.cn/large/e3f22e40gy1gcft1qaadjj205c040jsa.jpg'],,
4478110412091894,IwM0x8Mce,5327366757,纯良少年,只要思想不滑坡办法总比困难多#搞笑视频##一句冷幽默#L纯良少年的微博视频,,,,"搞笑视频,一句冷幽默",0,0,1,2020-03-02 19:23,微博视频,,"http://f.video.weibocdn.com/003TIz39gx07Bo8bL6ne010412002iNw0E010.mp4?label=mp4_ld&template=360x632.24.0&trans_finger=81b11b8c5ffb62d33ceb3244bdd17e7b&Expires=1591781573&ssig=XOnFzl2D1r&KID=unistore,video",
4478110005665545,IwLZSnLRL,2381405191,-朝凪-,只要思想不滑坡，快乐总比忧愁多,,,,,0,3,12,2020-03-02 19:21,iPhone客户端,"['http://ww3.sinaimg.cn/large/8df15c07gy1gcfsxiavwtj227v27m7wj.jpg', 'http://ww1.sinaimg.cn/large/8df15c07gy1gcfsxjws1oj223g23gqv7.jpg', 'http://ww3.sinaimg.cn/large/8df15c07gy1gcfsxh1slmj229728zhdv.jpg', 'http://ww4.sinaimg.cn/large/8df15c07gy1gcfsxl8giaj22c02c0x6q.jpg']",,
4478106120860071,IwLTC3BK7,6214124886,用户6214124886,只要思想不滑坡，办法总比困难多隔离经济下养森®瘦瘦包的隔离送货法，为小伙伴们点赞[强][强]温馨提示:一分耕耘一分收获，越努力越幸运[爱心][抱拳],,南宁·广西交通职业技术学院,,,0,0,0,2020-03-02 19:06,HUAWEI P10 Plus,"['http://ww2.sinaimg.cn/large/006MxPKKgy1gcfshtb3r2j30u0140thk.jpg', 'http://ww2.sinaimg.cn/large/006MxPKKgy1gcfshu0gsvj30u0140aiu.jpg']",,
4478105790004239,IwLT5016n,1269285350,童颜永在--心理医生,@童颜永在--心理医生:鼠年不利，中国除湖北外基本上解除了封城，逐渐恢复生产开工，但存在用工荒，原材料暴涨，甚至运不进来；按照广州钟南山院士之言，新冠肺炎病毒将到4月底结束，那么国民经济，还会发生大的滑坡，中国这样，世界呢？也会同样大滑坡，美国更难独善其终。,,,童颜永在--心理医生,,1,0,1,2020-03-02 19:04,OPPO智能手机,"['http://ww3.sinaimg.cn/large/4ba7c1e6gy1gcfsgfpojnj20u01rcdp0.jpg', 'http://ww4.sinaimg.cn/large/4ba7c1e6gy1gcfsgg4jpwj20go0m8q45.jpg', 'http://ww4.sinaimg.cn/large/4ba7c1e6gy1gcfsgghbopj20go0m8myl.jpg']",,
4478104598608151,IwLR9A7n9,7028237187,境由心造c,想坚持着写一点东西，不定期，或自省，或随笔，或只是一些杂记。想让自己的生活充满正能量，想让自己的生活充满阳光，做回自己；我了解自己，最开始的我不是这样的，原来的我积极向上，相信“只要智商不滑坡，办法总比困难多”，就算身处逆境，依然保持冷静，思考突破重围的密径。而现在，会让自己一直沉浸在自己的失败，总觉得我什么都做不好，什么都不行，又急又躁，我之前有一段真的怀疑自己要抑郁了…其实，我经常会觉得心里很压抑，有压力，总觉得心里有一块大大大大大石头压在里面，而我又不知道它从何而来，仿佛从天而降，就是开心不起来，一点不顺心就开始心烦。这种状态应该是从高二开始的，到了大学又再次被放大，那次转班真的...我不喜欢把自己的负能量传递给身边的人，因为我觉着这是一种情感污染，虽然看不见摸不着，但若长期如此，会深深的影响到他的生活。希望以后的我可以过的快乐些，洒脱些。你一定要站在自己所热爱的世界里，闪闪发亮✨,,,,,0,0,0,2020-03-02 18:59,iPhone客户端,['http://ww3.sinaimg.cn/large/007FDLyjly1gcfsbiu0nzj33402c0kjm.jpg'],,
4478102124555809,IwLNaj7aN,5691272626,锦鲤好运君,只要思想不滑坡，办法总比问题多😉,,,,,4,8,179,2020-03-02 18:50,微博 weibo.com,"['http://ww1.sinaimg.cn/large/bd297795ly1g4lhyhbndbg206j08tnpd.jpg', 'http://ww1.sinaimg.cn/large/bd297795ly1g4lhygozi9g205606owwa.jpg', 'http://ww3.sinaimg.cn/large/bd297795ly1g4lhyigcqfg20a00aeu0y.jpg', 'http://ww1.sinaimg.cn/large/bd297795ly1g4lhyj2g53g207e0aw7wh.jpg', 'http://ww4.sinaimg.cn/large/bd297795ly1g4lhyjkywgg204r06o7wh.jpg', 'http://ww1.sinaimg.cn/large/bd297795ly1g4lhyk3qxpg20av06fu0x.jpg', 'http://ww4.sinaimg.cn/large/bd297795ly1g4lhykxa6yg206407nhdu.jpg', 'http://ww3.sinaimg.cn/large/bd297795ly1g4lhyn0iusg207l06rhdw.jpg', 'http://ww1.sinaimg.cn/large/bd297795ly1g4lhyoo4agg205s0aa7wl.jpg']",,
4478100476122146,IwLKvpGEi,6349838796,四月的背带裤,剑网三第一次打游戏好懵，这些服务器有啥子区别不？？？我的智商已经开始滑坡的说。,,,,,0,6,2,2020-03-02 18:43,剑网三超话,['http://ww4.sinaimg.cn/large/b10c1bc2ly1gcfldvpioyg208c07mq5f.jpg'],,
4478100329228559,IwLKgCILJ,6448471010,不二心的肉多多,只要智商不滑坡，方法总比困难多我的像素积木蓝胖子到啦~第一步分类，但是没有收纳盒，我又怕乱七八糟的，于是乎就灵机一动想要折个纸盒~按照视频折了第一种纸盒，但没有透明胶，我就很嫌弃它，又试了第二种，哎嘿不错哎！虽然浪费了时间折纸盒收纳，但归拢后看着超级舒服~大概从一点钟玩到了现在，腰酸背痛这酸爽哈哈，好开心，好喜欢这种消磨时间的小事，如果资金允许，我想把所有可爱的像素积木玩个遍！呀，如果资金允许，我要买那个乐高城堡🏰！！想要好久了Emmm桌面有点脏，是我的彩铅！还没画完，都懒得整理了……晚点分享我画的…狐狸精…,,,,,0,0,3,2020-03-02 18:43,微博国际版,"['http://ww3.sinaimg.cn/large/0072p7SWly1gcfrthqn62j31400u0142.jpg', 'http://ww1.sinaimg.cn/large/0072p7SWly1gcfrtk98ihj30u0140gr0.jpg', 'http://ww3.sinaimg.cn/large/0072p7SWly1gcfrtmxey8j31400u0jxf.jpg', 'http://ww4.sinaimg.cn/large/0072p7SWly1gcfrtq8d2kj31400u0drh.jpg', 'http://ww2.sinaimg.cn/large/0072p7SWly1gcfrtsgqffj31hc0podkt.jpg', 'http://ww2.sinaimg.cn/large/0072p7SWly1gcfrtwga4vj31400u0aiy.jpg']",,
4478099993199120,IwLJJdqeI,1625152340,一句话囧言囧语,只要思想不滑坡，办法总比问题多😉,,,,,4,3,29,2020-03-02 18:41,微博 weibo.com,"['http://ww3.sinaimg.cn/large/bd297795ly1g4lhyhbndbg206j08tnpd.jpg', 'http://ww1.sinaimg.cn/large/bd297795ly1g4lhygozi9g205606owwa.jpg', 'http://ww4.sinaimg.cn/large/bd297795ly1g4lhyigcqfg20a00aeu0y.jpg', 'http://ww1.sinaimg.cn/large/bd297795ly1g4lhyj2g53g207e0aw7wh.jpg', 'http://ww1.sinaimg.cn/large/bd297795ly1g4lhyjkywgg204r06o7wh.jpg', 'http://ww3.sinaimg.cn/large/bd297795ly1g4lhyk3qxpg20av06fu0x.jpg', 'http://ww1.sinaimg.cn/large/bd297795ly1g4lhykxa6yg206407nhdu.jpg', 'http://ww3.sinaimg.cn/large/bd297795ly1g4lhyn0iusg207l06rhdw.jpg', 'http://ww2.sinaimg.cn/large/bd297795ly1g4lhyoo4agg205s0aa7wl.jpg']",,
4478098248770272,IwLGUANy0,5626655937,筱宇U-87,只要思想不滑坡，办法总比困难多,,,,,0,0,5,2020-03-02 18:34,iPhone客户端,['http://ww2.sinaimg.cn/large/0068MSf7ly1gcfrl5z23qj32c0340que.jpg'],,
4478091721962026,IwLwo8epA,6315846520,么么儿哒哒,转@卢麒元： 过去六年，我国资本流向，令人忧心忡忡。我将我国资本流动做了概括：第一，从北方向南方流动。东北病出了山海关，越过淮河，跨过黄河，直捣长江。第二，从国内向国外流。六年资本外泄近三万亿美元。第三，脱实就虚。实体经济大滑坡，资本涌入虚拟经济中。第四，脱穷向富。富人财富几何级增长，穷人增杠杆成为负人。头两条，是空间分布；后两条，是产业分布或阶级分布。O中国课征直接税的必要性和紧迫性,,,卢麒元,,0,0,0,2020-03-02 18:08,华为手机 畅享玩不停,,,
4478090267046263,IwLu2tz3p,6524287627,捧腹假笑,只要思想不滑坡，办法总比困难多~~#搞笑快递站##搞笑#L捧腹假笑的微博视频,,,,"搞笑快递站,搞笑",0,0,1,2020-03-02 18:03,微博云剪,,"http://f.video.weibocdn.com/Bxhab0Gglx07B6D5jbNu010412004jDm0E010.mp4?label=mp4_ld&template=360x632.24.0&trans_finger=81b11b8c5ffb62d33ceb3244bdd17e7b&Expires=1591781573&ssig=uGeMrPQf%2Fo&KID=unistore,video",
4478086244541007,IwLnyj3k3,3550179854,幽默伯爵,只要思想不滑坡，办法总比困难多~~#搞笑快递站##搞笑视频#L幽默伯爵的微博视频,,,,"搞笑快递站,搞笑视频",0,0,2,2020-03-02 17:47,微博云剪,,"http://f.video.weibocdn.com/d0cZmkoVlx07Bh0TSMK4010412004jDm0E010.mp4?label=mp4_ld&template=360x632.24.0&trans_finger=81b11b8c5ffb62d33ceb3244bdd17e7b&Expires=1591781587&ssig=LtyEpAUA9G&KID=unistore,video",
4478083409400213,IwLiYDrql,1760435725,Anne薛小羊,#中国基督徒人数#论中国是全球基督徒人数最多的国家。因为中国的国情，很多人都隐藏信仰，不会在户口上填写信仰。上知乎，搜百度。把相关的信息截屏放在下面。先看信仰滑坡的美国，按2017年统计，美国3亿人口30%新教徒（我国的“基督徒”）是9千万。中国2019年，爱德印刷庆祝印刷圣经2亿册（7年时间从1亿册增长到2亿册）。每家按3口之家算（没算二胎家庭）每家一本，这个数量也大概可以估算出来了。更何况，现在年轻人都用手机app看电子圣经。欢迎朋友友好讨论。不喜勿喷。,,,,中国基督徒人数,1,0,1,2020-03-02 17:35,HUAWEI Mate 20 Pro,"['http://ww1.sinaimg.cn/large/68ee1e0dly1gcfpf63757j20u00x844n.jpg', 'http://ww2.sinaimg.cn/large/68ee1e0dly1gcfpf5plhfj20u01lv7js.jpg', 'http://ww2.sinaimg.cn/large/68ee1e0dly1gcfpf5dv2qj20u01t0b29.jpg', 'http://ww1.sinaimg.cn/large/68ee1e0dly1gcfpf698upj20u00zngrr.jpg', 'http://ww4.sinaimg.cn/large/68ee1e0dly1gcfpf6k0b4j20u01t07od.jpg', 'http://ww4.sinaimg.cn/large/68ee1e0dly1gcfpf6wh11j20u01t0tsw.jpg']",,
4478080540076814,IwLem0jYW,1993619844,韶关天气,#主播说天气#未来几天多阴雨，天气由温暖变湿冷，请注意及时添衣保暖，同时预防呼吸道疾病的发生，同时可能有雷暴等强对流天气，请注意防御局地强降水及有可能引发的城乡积涝、山洪泥石流、滑坡等灾害。L韶关天气的微博视频,,,,主播说天气,1,0,1,2020-03-02 17:24,微博视频,,"http://f.video.weibocdn.com/0019V3FZgx07Bo02lsJh01041200kO7g0E010.mp4?label=mp4_ld&template=640x360.25.0&trans_finger=40a32e8439c5409a63ccf853562a60ef&Expires=1591781587&ssig=gfVk60gWii&KID=unistore,video",
4478079633937090,IwLcTgwds,6176107402,看什么看想打钱阿,只要思想不滑坡方法总比困难多,,,,,0,0,0,2020-03-02 17:20,iPhone客户端,,,
4478076941961357,IwL8y8eeN,6067221343,卷土不再重来,【#山体滑坡##泥石流#】第一次目睹山体滑坡，好可怕L卷土不再重来的微博视频,,,,"山体滑坡,泥石流",1,1,0,2020-03-02 17:10,微博网页,,"http://f.video.weibocdn.com/LylHs0qrlx07BnZ0mU64010412004gAl0E010.mp4?label=mp4_ld&template=360x640.24.0&trans_finger=81b11b8c5ffb62d33ceb3244bdd17e7b&Expires=1591781587&ssig=OS888ER%2B%2BB&KID=unistore,video",
4478076476360879,IwL7NqGKP,2160183645,玉林气象,预计未来三天将有一次明显的降温降雨，并伴有强对流天气过程，请注意防御雷电、冰雹和短时大风等局地强对流天气，及其衍生的城乡积涝、山洪泥石流、滑坡等灾害。L玉林气象的微博视频,,,,,0,0,2,2020-03-02 17:08,专业版微博,,"http://f.video.weibocdn.com/002J14gfgx07BnYVzx0z01041200epjD0E010.mp4?label=mp4_ld&template=448x360.25.0&trans_finger=40a32e8439c5409a63ccf853562a60ef&Expires=1591781587&ssig=uJ3ZYXVfg5&KID=unistore,video",
4478073413963556,IwL2RgD6k,3186233133,父母堂,爸爸带孩子是什么样的，父爱如山体滑坡哈哈哈哈哈L爱电影吧的微博视频,,,,,0,0,1,2020-03-02 16:56,微博 weibo.com,,"http://f.video.weibocdn.com/lYVXIJ7Glx07BmIYd3UQ01041200kfAD0E010.mp4?label=mp4_ld&template=360x632.24.0&trans_finger=81b11b8c5ffb62d33ceb3244bdd17e7b&Expires=1591781587&ssig=EPqdfDgjdl&KID=unistore,video",
4478071745067999,IwL0algpV,2752349495,yuppierr,天津经济大滑坡，天津唯一的优势就是高考本科录取率高，如果小孩不是初三以上，不要去找中介去办什么天津户口，除非你有钱，不在乎。天津户口以后会越来越放开，越来越好办，想想去年的石家庄和西安政策，3年内天津落户条件还会降，等等看。,,,,,2,2,2,2020-03-02 16:49,坚果手机 Pro 2S,,,
4478071187154679,IwKZgu1g3,3194161913,奉节汾河,奉节县气象局2020年3月2日16时发布1日20时至2日16时雨情通报（单位：毫米）：昨日夜间至今日白天我县普降小到中雨，全县最大雨量出现在兴隆镇16.8mm。降雨暂时停止，预计今日夜间到明日白天我县大部乡镇仍有小雨天气，持续性降雨易发生滑坡、落石、道路崩塌等地质及次生灾害，建议加强监测和防范。,,,,,0,0,0,2020-03-02 16:47,vivo AI智慧拍照X21i,,,
4478068682949573,IwKVecnjL,1965174545,赫连云边,博君一肖Hz都跑进虾家去diss了真是嚣张刚刚进o.l.a.y直播间，满屏幕都刷抵制哥哥。本来预定已经买了很多，不想再买了，但是为了哥哥还是要下单。什么也不能说，默默反黑，默默氪金吧，只要销量不滑坡，帮哥哥挺过这一段时间就好了。,,,,,0,4,3,2020-03-02 16:37,博君一肖超话,"['http://ww2.sinaimg.cn/large/75222f11ly1gcfo30jw3yj20u01hctoo.jpg', 'http://ww4.sinaimg.cn/large/75222f11ly1gcfo4gaf18j20u01hcn4c.jpg']",,
4478067361605003,IwKT66Jx9,5568171996,熊振耀,母爱如山体滑坡L熊振耀的微博视频,,九江,,,0,3,2,2020-03-02 16:32,iPhone客户端,,"http://f.video.weibocdn.com/004kr6V0gx07BnWr2gD5010412002IAO0E010.mp4?label=mp4_ld&template=640x360.25.0&trans_finger=647b8232579b0b23561398fc756ef4ae&Expires=1591781587&ssig=Z6ILKf0iFk&KID=unistore,video",
4478066757409007,IwKS7v5q7,7399169069,用户7399169069,只要思想不滑坡，办法总比困难多,,,,,0,0,0,2020-03-02 16:29,三星Galaxy S9,,,
4478065385919717,IwKPUoPZj,5192040639,拽女不谈恋爱,思想又滑坡的一天,,,,,0,7,5,2020-03-02 16:24,HUAWEI P20,['http://ww4.sinaimg.cn/large/005FngWXly1gcfnsyutj9j30u00svtcc.jpg'],,
4478060990868842,IwKIP3E1A,6616736234,没猫病SA,#没猫的小杂铺#【小岛书店】父爱如山…体滑坡，每个家长，但凡对自己满意一点的，都会想要自己的孩子也这般生活吧？这是他们所知“最好的”,,,,没猫的小杂铺,0,0,1,2020-03-02 16:06,HUAWEI nova 青春版,['http://ww1.sinaimg.cn/large/007dN9magy1gcfn9uf7wsj30hs0a0aad.jpg'],,
4478060080137780,IwKHm0zQg,1851599157,电商品牌报,【谁为优衣库做了一本发行量百万的杂志？】2019年优衣库推出了一本全新杂志《LifeWearmagazine》，一年出版两期，每期能发行100万册。这让面临收益滑坡、渠道减少危机的杂志界十分羡慕。杂志主编木下孝浩在编辑业界的盛名，始于他自2012年对日本生活方式杂志《POPEYE》的改版重塑。O谁为优衣库做了一本发行量百万的杂志？,,,,,104,25,50,2020-03-02 16:03,微博 weibo.com,"['http://ww4.sinaimg.cn/large/6e5d2935ly1gcfja4a2mjj20u0190hdt.jpg', 'http://ww3.sinaimg.cn/large/6e5d2935ly1gcfjabqlzvj20u00vygsd.jpg', 'http://ww1.sinaimg.cn/large/6e5d2935ly1gcfjaio49zj20u00lqts6.jpg', 'http://ww1.sinaimg.cn/large/6e5d2935ly1gcfjapr75lj20u00lqdue.jpg', 'http://ww4.sinaimg.cn/large/6e5d2935ly1gcfjatry84j20u00lqqt2.jpg', 'http://ww3.sinaimg.cn/large/6e5d2935ly1gcfjayr3swj20u00lqqox.jpg', 'http://ww3.sinaimg.cn/large/6e5d2935ly1gcfjb2y2blj20u00lq7ow.jpg', 'http://ww2.sinaimg.cn/large/6e5d2935ly1gcfjb5biy5j20u00k046d.jpg', 'http://ww3.sinaimg.cn/large/6e5d2935ly1gcfjbcgrgqj20u00t7npd.jpg']",,
4478059749355919,IwKGODfTV,7277140532,1997seele,我免费围观了@维稳先锋卡菊轮的回答，快来一起围观~O微博问答,,,维稳先锋卡菊轮,,0,0,0,2020-03-02 16:01,微博 weibo.com,,,
4478059329773811,IwKG8F0C7,6221144378,助孕侠,#备孕#种子优，禾苗才能壮。对于胎儿这株幼苗来说，扮演种子角色的无疑就是卵子和精子。所以，当你决定想要个宝宝时，是不是该知道卵子的天敌有哪些呢?30岁以后卵巢功能开始滑坡，遭受环境有害物的侵袭机会也增多，卵子质量随之下降，一旦过了35岁，卵子的品质更是“江河日下”，由此造成的不孕、流产、早产、死胎以及胎儿畸形的风险成倍增长。1、烟酒是卵子的天敌香烟中尼古丁等毒素可间接(加速卵巢老化)或直接危害卵子，一个35岁女烟民的卵子品质与不吸烟的42岁女性相差无几。酗酒呢?同样可导致卵巢过早老化。2、过度“夜生活”打乱生物钟生物钟一旦被打乱，内分泌必然会失去固有的节律，并殃及卵巢功能，影响卵子的成熟以及排卵过程。3、久坐不动引起血液循环变慢久坐不动还会使体内新陈代谢变差，进而株连激素分泌。这一连串的隐秘式连锁反应的结果是：排卵周期紊乱，卵子的活力降低。4、不洁性生活性病引发盆腔炎，以衣原体感染与淋病最为危险，常在毫无症状的情况下偷袭子宫及其两翼的输卵管，影响卵子的活力。我是助孕侠，祝您健康好孕~,,,,备孕,1,1,15,2020-03-02 16:00,微博 weibo.com,['http://ww2.sinaimg.cn/large/006N1hQmgy1gcfix9b22pj31930u04qp.jpg'],,
4478059208418042,IwKFWzjUS,2744126997,小米老刘,只要思想不滑坡，办法总比问题多,,,,,0,0,0,2020-03-02 15:59,,"['http://ww3.sinaimg.cn/large/a3900e15ly1gcfn3a5lvzg206j08tnpd.jpg', 'http://ww1.sinaimg.cn/large/a3900e15ly1gcfn3awq0xg205606owwa.jpg', 'http://ww4.sinaimg.cn/large/a3900e15ly1gcfn3c9nh9g20av06fu0x.jpg', 'http://ww2.sinaimg.cn/large/a3900e15ly1gcfn3ejhdcg204r06o7wh.jpg', 'http://ww2.sinaimg.cn/large/a3900e15ly1gcfn3ihghkg205s0aa7wl.jpg', 'http://ww1.sinaimg.cn/large/a3900e15ly1gcfn3nemwkg207l06rhdw.jpg', 'http://ww2.sinaimg.cn/large/a3900e15ly1gcfn3qevoag206407nhdu.jpg', 'http://ww4.sinaimg.cn/large/a3900e15ly1gcfn3tymbbg20a00aeu0y.jpg', 'http://ww1.sinaimg.cn/large/a3900e15ly1gcfn3vthkng207e0aw7wh.jpg']",,
4478055818611069,IwKAtA88d,6690740457,爱后的心酸,跌倒了，就爬起来，遇到临时解决不了的困难就停下来，冷静思考一下，没什么大不了，不就是把铁变成针吗？不一定要磨，只要思想不滑坡，办法总比困难多。,,,,,0,0,0,2020-03-02 15:46,红米Note7 4800万相机,,,
4478055382450425,IwKzMahsZ,6924749975,root45_,吃了一会发现忘了拍照我给这碗冰激凌（？）取名为奥利奥草莓山体滑坡（……一共三碗，不知道昨天那碗兔兔要怎么吃比较好,,,,,0,2,4,2020-03-02 15:44,微博国际版,['http://ww4.sinaimg.cn/large/007yDxNJgy1gcfmo2fxfmj31o01o04qp.jpg'],,
4478050698143699,IwKsdyaxZ,7333104161,笑点榜,只要思想不滑坡，困难总比办法多。#一句冷幽默##搞笑视频#L笑点榜的微博视频,,,,"一句冷幽默,搞笑视频",0,0,0,2020-03-02 15:25,微博视频,,"http://f.video.weibocdn.com/001wKdXzgx07BnRTzFJJ010412004Sxv0E010.mp4?label=mp4_ld&template=360x640.24.0&trans_finger=81b11b8c5ffb62d33ceb3244bdd17e7b&Expires=1591781596&ssig=TdXhOmYjKC&KID=unistore,video",
4478046126446559,IwKkQr32L,2398244981,猫七七七爱吃鱼,三月从几个大话题开始经济社会发展的关键期日益增长的个性化多样化需求主流意识形态受到挑战正处矛盾的凸显期道德滑坡信仰缺失文化无根。知识的力量,,,,,0,0,2,2020-03-02 15:07,vivo X23全息幻彩,,,
4478044968292618,IwKiYyNhU,1900967781,大理日报,【弥渡县专车护送915名外出务工人员返岗】“受疫情影响，一直担心买不到车票回厂复工，没想到竟然有免费的专车送我们去昆明坐高铁，政府想得太周到了！”来自弥渡县德苴乡的贫困群众自荣德、李晓芹夫妇一大早来到弥渡县全民健身中心，即将乘坐弥渡县“农民工服务站专车”到昆明，再转乘高铁抵达务工所在地——广东东莞。为积极应对新冠肺炎疫情影响，让返乡回家过年的更多外出务工早日返岗复工，有效防止务工人员家庭收入滑坡，弥渡县委、县政府高度关注返乡滞留的这一特殊群体，责成县就业局和县退役军人事务局具体组织安排，从2月19日至2月26日，连续8天在县全民健身中心和汽车客运站设立两个“农民工服务站”，组织专车帮助外出务工人员返岗复工。在专车上，工作人员向即将返岗的乘客发放了《外出务工须知》、矿泉水、帽子及防疫物资，有序组织他们先到昆明或祥云后，再转乘飞机、高铁到达广东、山东、浙江等务工地点。据悉，截至2月26日，弥渡县共组织返岗专车41辆次，有序组织915名外出务工人员实现返岗复工，其中省外转移506人、省内转移409人，转移贫困劳动力181人。（通讯员向晓英）,,,,,0,0,0,2020-03-02 15:03,微博 weibo.com,,,
4478044007462306,IwKhqvjhM,6136324372,春日里的荒野,口罩对脸大的人不友善，耳朵被勒得太疼了，实在受不了，还好平时有别夹子的习惯，于是想到了用夹子夹住口罩带子，不然这几个月不知道咋过深切体会到了只要思想不滑坡，办法总比困难多,,,,,2,3,15,2020-03-02 14:59,iPhone客户端,['http://ww1.sinaimg.cn/large/006HhohKgy1gcfl92xw86j31o0280qq0.jpg'],,
4478043508213353,IwKgCysFr,3206102207,dreamer-day,宝藏剧组！#安家#忘了多少年前，修建遇到多少问题，刚看报道时，是被水泥浆注入问题吸引的，因为地形地貌，施工环境恶劣，要防水防漏防滑坡。后来再没有过多关注。哦！在这里上镜了！,,,,安家,0,2,0,2020-03-02 14:57,小人物得儿Android,['http://ww3.sinaimg.cn/large/bf193cbfly1gcfl24hvc9j23282aokjo.jpg'],,
4478042791925587,IwKft84VR,5748292873,手机砸脸真牛逼,只要思想不滑坡，困难总比办法多,,,,,0,0,0,2020-03-02 14:54,Samsung Galaxy S8+,,,
4478039926808840,IwKaQszi0,3190459392,TIYRIBGLEUM,逐渐…已经…可以看到…这样的环境教育下…思考是如何被消失的了…滑坡谬误听风就是雨诉诸权威差不多再带一点坐井观天的意味吧,,,,,0,0,1,2020-03-02 14:42,iPhone,,,
4478035141138881,IwK384Mh3,7382125996,牛姬姬,只要思想不滑坡，办法永远比困难多#分屏#,,咸宁,,分屏,0,0,0,2020-03-02 14:23,iPhone客户端,['http://ww2.sinaimg.cn/large/0083AEckly1gcfkbjkw5hj33402c0u0x.jpg'],,
4478034444546066,IwK20j4DE,2162607814,龇牙咧嘴123,#于正点赞#对呀即使会失去一部分粉丝，但是该引导就要引导，告诉粉丝什么是该做什么不该做，大环境干净了，一小撮自然掀不起风浪。谁家没经历过被黑被曲解，但是正主的底线还是要有的呀。之前zyl遭遇这么大滑坡，出了毒唯，冒着脱粉也发了致毒唯一封信。后期整个大环境就特别好。既想占粉丝便宜，又怕担粉丝行为的责任！哈哈，以为钱那么好赚的嘛,,,,于正点赞,1,6,17,2020-03-02 14:21,iPhone客户端,,,
4478028858326638,IwJSZyW8C,6531308797,心慈手软华旉徒,我之前推特号咋封的，就是跟着一群在美大佬痛诉美帝民众生活艰难诉说八十年代一路下来的医疗滑坡。然后炸了。唤醒美帝民众起来反抗，很重要,,,,,6,1,3,2020-03-02 13:58,华为畅享10 Plus,,,
4478027524309655,IwJQQi58z,7397913850,福莉卷,一个神经病患者在写信，护士问：“你在给谁写信啊？”病人说：“我自己。”护士又问：“信里写了什么？”病人：“你神经病啊，我还没收到怎么知道？”点评:只要思想不滑坡，方法总比困难多。,,,,,0,0,0,2020-03-02 13:53,皮皮时光机,['http://ww4.sinaimg.cn/large/0084ETl8ly1gcfjgw2xbkj30c60c6jtq.jpg'],,
4478024890492139,IwJMB241J,1558148043,全球热门收集,父爱如山。。。体滑坡,,,,,16,12,43,2020-03-02 13:43,微博 weibo.com,"['http://ww3.sinaimg.cn/large/70f86863ly1fse4264zzlg208w07l1ky.jpg', 'http://ww2.sinaimg.cn/large/70f86863ly1fse44pa8cfg208w0ft1lc.jpg', 'http://ww2.sinaimg.cn/large/70f86863ly1fse42gavrag20bo06k7wh.jpg', 'http://ww1.sinaimg.cn/large/70f86863ly1fse42al2qxg205d043wkn.jpg', 'http://ww2.sinaimg.cn/large/70f86863ly1fse42v1kbog20b4069x6p.jpg', 'http://ww4.sinaimg.cn/large/70f86863ly1fse42q4fqbg206o05kb29.jpg', 'http://ww2.sinaimg.cn/large/70f86863ly1fse42oo9wxg209p06o4qp.jpg', 'http://ww2.sinaimg.cn/large/70f86863ly1fse42gc7mtg206403fap6.jpg', 'http://ww3.sinaimg.cn/large/70f86863ly1fse42vp9wjg206m06o1ky.jpg']",,
4478024508746904,IwJLYAHt6,1625152340,一句话囧言囧语,父爱如山。。。体滑坡,,,,,7,2,28,2020-03-02 13:41,微博 weibo.com,"['http://ww2.sinaimg.cn/large/70f86863ly1fse4264zzlg208w07l1ky.jpg', 'http://ww4.sinaimg.cn/large/70f86863ly1fse44pa8cfg208w0ft1lc.jpg', 'http://ww2.sinaimg.cn/large/70f86863ly1fse42gavrag20bo06k7wh.jpg', 'http://ww3.sinaimg.cn/large/70f86863ly1fse42al2qxg205d043wkn.jpg', 'http://ww2.sinaimg.cn/large/70f86863ly1fse42v1kbog20b4069x6p.jpg', 'http://ww3.sinaimg.cn/large/70f86863ly1fse42q4fqbg206o05kb29.jpg', 'http://ww3.sinaimg.cn/large/70f86863ly1fse42oo9wxg209p06o4qp.jpg', 'http://ww4.sinaimg.cn/large/70f86863ly1fse42gc7mtg206403fap6.jpg', 'http://ww1.sinaimg.cn/large/70f86863ly1fse42vp9wjg206m06o1ky.jpg']",,
4478024332419981,IwJLHa9xX,1680885392,王二胖掐指一算说,做了一个毛不易和周深《无问》的伪合唱主要诉求就也没有别的，能不能活人合唱一次声处理技巧日渐滑坡，人家俩很完美，瑕疵都是我的。L王二胖掐指一算说的微博视频,,,,,447,82,476,2020-03-02 13:41,微博视频,,"http://f.video.weibocdn.com/vEX0T15alx07BnKHmLwk010412005V3g0E010.mp4?label=mp4_ld&template=640x360.25.0&trans_finger=40a32e8439c5409a63ccf853562a60ef&Expires=1591781596&ssig=CTovmcjUgO&KID=unistore,video",
4478019697234116,IwJEdulVi,1866122541,七十子322,发布了头条文章：《命运的诅咒：每隔15年发生一次的滑坡》O命运的诅咒：每隔15年发生一次的滑坡,http://t.cn/A67acDzZ,,,,0,1,1,2020-03-02 13:22,微博 weibo.com,,,
4478015780520211,IwJxU2bkv,6427036418,奶酪面包芒果汁,只要思想不滑坡办法总比困难多,,,,,0,0,0,2020-03-02 13:07,,,,
4478012789427524,IwJt4DywQ,5896512455,Uimasus,真幻真的太难了😔到现在官方给出的相处模式加起来还不到七分钟。而且新继仪式之后幻地位一落千丈，真哥肯定没过多久就被山体滑坡送去参赛了，从新继仪式过后到真哥去比赛一定只有很短一段时间真安慰鼓励幻（比如S3E2），幻要同时忍受族人对他的耻笑，对我的怀疑，对失去父爱的恐惧和与兄长分别的痛苦，太难了，他才只有12岁啊。现在只能脑一脑12岁之前的相处了，12岁之前我觉得本家里（只指家主，夫人，幻和真）的等级制度还没有那么严，毕竟都是一家子（还是亲生的）真和幻的相处模式应该就是普通的宠弟弟+长兄如父，喜欢哥哥+经常和哥哥在一起，等真哥走后，随着幻年龄的增长曾经纯粹的“喜欢哥哥”的感情已经渐渐转化为对兄长的钦佩和思念，以及向往。大概幻也猜到兄长再也不会回来了，所以所有的感情，最后都归于“想成为兄长那样的人”，曾经与自己亲密无间的兄长，随着时间的流逝和思念的加深，已经变为支柱性的存在了。而且十二岁以后，等级制度对幻一下子严格起来，但真私下对幻还是温柔的好哥哥，这种温柔对幻自身的性格和人格有巨大的影响。之前有人分析过为什么幻叫真兄长而不叫哥哥，得出的结论是家族森严的等级制度和幻自身认为不配那么叫，可是！我jio的真哥如果听到幻叫哥哥的话肯定会超级高兴啊！！！哪里会生气啊！真哥对幻明明就是温柔如玉的好尼桑模式，一点都没有硬摆兄长架子（我流）现在根本无法想象幻如果再次见到兄长会怎么样，真的无法想象出来，况且个人认为真正意义上的兄弟重逢（白幻和真）已经是不可能的了。只能是黑幻和Z的互相残杀了。唉，不说了，说就是苦命兄弟俩。,,,,,0,0,0,2020-03-02 12:55,华为手机 畅享玩不停,,,
4478006238549963,IwJivzSeD,1509001897,小隐,我不赞同举报，也不赞同为了反对举报而进行的举报。但是我乐于看到某位艺人资源受损，口碑滑坡，路人缘败光。他能不能糊要看资本运作和市场博弈，但是毫发无损也是做不到的。我反对所有艺人本身无辜，理智粉无辜，都是脑残粉冲动的论调。而且这其中最不无辜的就是艺人。至于理智粉，你们既然号称自家是顶流，怎么连区区几千脑残都按不住呢？事后喊冤，事前干什么去了？还是都跟蒸煮一样，居家隔离，不问世事，作妖的时候啥都不知道，激起众怒瞬间就被伤到再也看不见笑容了？都是千年的狐狸，你跟谁那儿玩聊斋呢~,,,,,1,2,0,2020-03-02 12:29,微博国际版,,,
4478005784740661,IwJhMjTgh,6252597421,坠机乐园,我每一天都有新的气愤，肖战粉丝控评水平之低下、社会法律常识之稀碎、语言逻辑之巨大滑坡，真的气死我算了,,,,,0,0,1,2020-03-02 12:27,iPhone XS,,,
4478002018839174,IwJbHB5tk,5270380609,Wpinnk,最近煎蛋技术严重滑坡，分析了主客观各方面因素之后，认为锅时间用久了，出现老化，应该是锅的问题。俗称甩锅。#瞎扎尔词典#,,,,瞎扎尔词典,0,0,2,2020-03-02 12:12,iPhone,,,
4478000823120430,IwJ9Md5Lw,2259443790,Chisung_s,欧阳凯kyle学校附近的雪山，上学期期末本来想去，开车两个多小时去，到了山脚底结果说最近下大雨发生滑坡不能上去，又默默回去,,,,,0,2,10,2020-03-02 12:07,欧阳凯kyle超话,"['http://ww3.sinaimg.cn/large/86ac604egy1gcfgc46ejxj23402c07wh.jpg', 'http://ww1.sinaimg.cn/large/86ac604egy1gcfgc5xa24j23402c0az7.jpg']",,
4478000777141050,IwJ9HtXIe,1535904785,posyparty,公知被污名化以来，同样萎缩的是「公共」的概念。公共意识萎缩，参与公共事务的空间萎缩，所有人，无论什么阶层，占用了多少公共资源，都退回到原子化的个体，怀着「闷声发大财」的宗旨苟且偷生。人对他人不再承担义务，道德滑坡自我中心，都是顺路来到的结局，以及最坏的结果：墙直接砸到每一个人的头上。,,,,,77,9,346,2020-03-02 12:07,微博 weibo.com,,,
4478000370182534,IwJ930Lu6,2714589621,国王在流放地,olay头是真的铁马上38节等着成交额大幅滑坡吧还闹不明白这事到底得罪了多少圈子多少人吧,,,,,0,0,2,2020-03-02 12:05,iPhone客户端,,,
4477998012613936,IwJ5faY0g,5115579507,重庆车多弛二手车-小夏说车,只要思想不滑坡，办法总比困难多,,重庆,,,0,4,0,2020-03-02 11:56,OPPO Find X,['http://ww1.sinaimg.cn/large/005AcrUTly1gcfg2karixj33k02o04qt.jpg'],,
4477995387531866,IwJ10vBnI,2286386250,武汉新闻广播,【动态实时发布：东航空警车队志愿者的3月2日11:24】#抗击疫情此时此刻#3月2号11:24，记者所乘坐的车辆，就跟着车队志愿者刘浩的白色面包车，去往胜利街、滑坡后街、永清后街等三个街道、小区，接到三位居民，把他们送往武汉市第八医院进行CT的检测。刘浩，今年42岁，是中国民航空警总队八支队警员，在东方航空武汉有限责任公司保卫部工作，也是一位有着12年党龄的老党员。2月3日，刘浩浏览疫情状况时，发现江岸区正在招收志愿者运送病人。因为女儿在二中刚上初一，刘浩在学校附近租了套陪读房，为了方便接到通知随时到岗转运病人，同时避免感染家人，刘浩志愿者服务期间就一个人住在这间出租房里。志愿者们转运工作包括三个方面，第一、重症病人转运，第二、疑似病例和新增病例的转运，第三、将密切接触者转运到集中隔离点。武汉新闻广播将实时动态更新发布！（记者周嘉旎）#坚决打好湖北武汉保卫战##武汉，在一起#L武汉新闻广播的微博视频,,,,"抗击疫情此时此刻,坚决打好湖北武汉保卫战,武汉，在一起",0,0,0,2020-03-02 11:46,微博视频,,"http://f.video.weibocdn.com/002zjVkygx07BnCNElHG01041200brSp0E010.mp4?label=mp4_ld&template=632x360.25.0&trans_finger=40a32e8439c5409a63ccf853562a60ef&Expires=1591781608&ssig=ZvocMSWlv2&KID=unistore,video",
4477993885771097,IwIYAodkd,3824872649,桐庐气象,桐庐县气象台2020年3月2日12时发布短期天气预报：今天白天阴到多云，夜里阴偶有小雨，偏北风3级，气温8到11℃，明天阴转小雨，偏北风3级，气温8到12℃，后天阴到多云，偏北风3级，气温7到11℃。地质灾害为3级，属较易引起滑坡的气象条件。杭州市生态环境局桐庐分局、桐庐县气象局3月2日12时联合发布空气质量预报：今天空气质量优。,,,,,0,0,0,2020-03-02 11:40,微博 weibo.com,,,
4477991146796362,IwIUasw2K,5483876534,冒冒小朋友要乖袄,"周一我又发生了泥石流滑坡从八点我就等着老师上课听见老师上课我屁股一扭就安心的睡觉了,,Ծ^Ծ,,凯月给我打电话后我才知道大家都在和老师说再见我竟然在一百多个人群里发起了群课堂还特么两次???害!又丢人了",,,,,0,3,2,2020-03-02 11:29,nova4自拍极点全面屏,"['http://ww4.sinaimg.cn/large/005Z7MNwly1gcff0iatysj30u02six19.jpg', 'http://ww1.sinaimg.cn/large/005Z7MNwly1gcff0hkbgzj30u01s6gry.jpg']",,
4477987996565996,IwIP5ry7a,5201305203,性感红唇只为伊人醉,别人都是越静越是能有想法有创意，而我是，越闲，越茫然，，一个多月了啥都不干，已经闲到开始怀疑人生了精神已经滑坡了,,,,,0,0,0,2020-03-02 11:16,OPPO Reno,['http://ww1.sinaimg.cn/large/005G095ply1gcfevv12w2j30rt0r20u0.jpg'],,
4477987078268518,IwINByH1c,1695386943,清欢万安,我记得18暑假吧？有人说要推行女大学生去偏远地区支教的政策今年又是女大学生和外国人联姻？某些上位者真是只要思想不滑坡，办法总比困难多啊女大学生就是砖呗，哪里需要哪里搬呗,,,,,0,3,25,2020-03-02 11:12,小张抢走的iPhone 7(亮黑),,,
4477986239757288,IwIMfEWjC,6124893814,二狗飞去火星了,头像是蓝蓝的，上面有个227的，那是一个组织，叫做智商山体滑坡,,,,,0,9,4,2020-03-02 11:09,iPad mini4,,,
4477985015172568,IwIKhlHCw,7362927772,半夜出巡ETC,肖战团队脑子真的不太正常养蛊养翻车甩锅不及时还引导粉丝利用国外舆论兴风作浪而且在3.1号和全世界疫情如此严重的节点上生动展现什么叫占用公共资源什么叫我是顶流我要踩在所有人头上不就是掉了代言国内路人缘又断崖式滑坡打算绑架国外民意倒逼品牌方吗？拜托大哥就你代言的国产品牌人家国外人有人要买吗人家国外没有帅哥没有明星全世界都能看你看的下眼？自己被国内的亲洋派和国外的特殊势力利用了还想独善其身？肖战你的福气在后头,,,,,0,0,0,2020-03-02 11:04,iPhone客户端,['http://ww4.sinaimg.cn/large/0082i5Ryly1gcfel50y8wj309q09c3zb.jpg'],,
4477984502993366,IwIJscyI6,2070364351,黄二三三两事,我妈那天说，人死了，就像是叶子树再也不开了，就再也没有父母了。我曾经做过一个梦，梦见我跟我她顶着滑坡步行去看外公，一直走，走到醒过来。我妈现在回去了，这是她的归途，她以后再也没有父母了。,,,,,0,9,0,2020-03-02 11:02,iPhone客户端,['http://ww4.sinaimg.cn/large/7b6740bfly1gcfebkwklxj20ku112qv5.jpg'],,
4477981974153538,IwIFnhqwy,5235835418,拉文克劳阿兹卡班分院代表,#肖战工作室道歉#不好意思，我觉得ao3内篇文章写的太好了，可能戳本人痛点了，不禁让人怀疑xz就是卖pg上位的。还有侮辱女性内些言论，你要觉得是诽谤，是虚假消息，xz工作室早就一个律师函甩过来了，为啥现在还没动静呢？因为内些猪话真的都是xz自己嘴里吐出来的只能不停删微博压热度了。最后，你家哥哥要真的是个好爱豆，他根本就不会最后把锅推给几个老粉，毕竟老粉推出去后花钱捧他的人不会变少，也许这些老粉粉头的待遇，就是你以后的样子，妹妹们别被当韭菜还甘之如饴了，你家哥哥也不是表面上这么无辜，他人设坍塌堪比山体滑坡。他本人也得晓得干一行就得挨一行的骂，吃一行的苦。拍耽改剧火的，却很拒绝被同人，不愧是又当又立典型代表。P.S.还我ao3，道歉不好使。,,,,肖战工作室道歉,0,0,2,2020-03-02 10:52,微博国际版,,,
4477975553003724,IwIv1cBpa,2603710874,遇见鬼的小仙女,觉得肖战的一些粉丝抱着得不到就要毁掉的心态在促成他的事业滑坡。,,,,,0,0,1,2020-03-02 10:27,荣耀V9 我想要的快,,,
4477973883560806,IwIskeWkm,5846245052,奇遇学大师,雨课堂啊你为什么崩得像山体滑坡,,,,,0,0,1,2020-03-02 10:20,,,,
4477962499394600,IwI9XDpXO,2719178050,中ssssss,精神不能滑坡微博视频,,,,,0,0,1,2020-03-02 09:35,微博视频,,,
4477961346060068,IwI86pqv2,1036730030,杨溟,数十年来我们的教育不断滑坡。没有最低只有更低，底线已破、何以止漏？缺乏逻辑培养，必然不明常识。O深度：美国″五毒俱全″，又一波好眼球！该重视孩子的逻辑教育了！,,,,,1,0,2,2020-03-02 09:30,iPhone X,,,
4477958536195878,IwI3zpZPw,6379158191,衡心语灬,五代十国帝王的雷人绰号，以屠牛、盗驴、贩私盐为事的前蜀高祖王建被称作“贼王八”；热衷对别人施以刀锯、支解、刳剔酷刑的南汉高祖刘龑被称作“真蛟蜃”；把女巫奉为国师的后汉后主刘鋹被称作“太子皇帝”等等。这些绰号和骂名无不反映着那段特殊历史时期的血腥残忍、道德滑坡和伦理丧失。,,,,,0,0,0,2020-03-02 09:19,iPhone客户端,,,
4477957764283834,IwI2khYq6,2631153741,TorpedoZ,无意占有公共资源就少买点热搜吧真的从ys搞的那一出路人缘就逐渐滑坡到现在终于翻车了吧上一年简直是我从入坑到入股不亏再到心寒烦躁脱粉的全过程,,,,,0,4,2,2020-03-02 09:16,iPhone客户端,,,
4477956565437382,IwI0omOvI,3476027842,老蓝说,小姐姐的互联网共享经济思维某夜场一小姐姐被扫除后，建了个群，每个进群的收250元，然后进完群之后，她发了个红包，抢到最多的人可以陪她，其他的人可以得到陪他视频全程录像。这一场下来，一个星期就收了十几万。关键是，这中间没有任何一个人觉得自己吃了亏。这就是典型的互联网思维：羊毛出在猪身上，让狗来买单。有点类似于共享单车，大家都赢了，没有输家。这是典型的互联网时代营销，经济不景气时成功转型的经典教案，也是很多互联网共享经济惯用伎俩。只要思想不滑坡，办法总比困难多。,,,,,0,0,0,2020-03-02 09:11,iPhone客户端,,,
4477956213020686,IwHZPcFOK,3039689007,内涵台长,只要思想不滑坡，办法总比困难多L真男人强尼儿的微博视频,,,,,3,1,13,2020-03-02 09:10,,,"http://f.video.weibocdn.com/003OJtYCgx07Bew9nDHx010412009AII0E010.mp4?label=mp4_ld&template=360x640.24.0&trans_finger=81b11b8c5ffb62d33ceb3244bdd17e7b&Expires=1591781623&ssig=NVpjJWsQs%2B&KID=unistore,video",
4477952064250760,IwHT8hPOE,2803186534,魏知了,昨天早上肚子一阵剧痛，全身出汗，腰也直不起来，痛得手脚脸都发麻，差点以为要死过去了，还好后来又好了。最近也总是做一些乱七八糟的梦，梦到去世的爷爷，梦到山体滑坡在逃命，梦到分开还喜欢的人和现实中一样对你的漠视，太难过了。我可能也需要一个出气口让我缓缓。,,,,,1,0,0,2020-03-02 08:53,iPhone客户端,,,
4477949002431600,IwHOcaczm,6356586975,雷波交警,#奋进1号##交通安全预警提示#2020年3月2日，雷波道路交通安全预警。  一、道路基本情况今日，辖区天气：晴         1、除部分管制路段雷波全县道路交通畅通。二、危险路段预警1、对外交通道路隧道较多，遇下雨天气路滑，请各位驾驶员注意车速，安全行驶；2、油房沟至抓抓崖3Km+500m处滑坡、飞石；3、S307线芭蕉滩处急弯、陡坡、雨天路滑、路窄；4、屏美路全路段路窄弯多，请各位驾驶员谨慎驾驶；5、受降雪天气影响，雷波县部分路段开始实施冬季交通管制。6、抓抓岩隧道内有一处坑凹，请各位驾驶员小心驾驶。管制地点：雷波县长河乡至谷堆段、古堆乡至美姑段、西宁老林口至山棱岗段、山棱岗至谷堆段、山棱岗至西宁段。管制结束时间视天气情况而定。三、开展城区交通安全大整治1、严查各类机动车、非机动车乱停乱放;2、.严查大型客运车辆、短途客运车辆、出租车慢行绕圈、压速揽客、随意调头;3、严查各类货运车辆占道装卸货物、施工。四、景区预警         由于新型冠状病毒影响，马湖景区游客减少，车流量也随之减少，为了您和他人的安全，请广大驾驶员朋友自觉遵守交通规则，安全、文明驾车，做到喝酒不开车，开车不喝酒，不超员超速驾驶。@凉山之窗@公安部交通管理局@凉山交警@凉山同城@交通发布@四川在线@今日头条@凉山日报@四川交警@四川交通广播@V平安雷波@中国交通频道·四川,,凉山彝族自治州·雷波县,"凉山之窗,公安部交通管理局,凉山交警,凉山同城,交通发布,四川在线,今日头条,凉山日报,四川交警,四川交通广播,V平安雷波,中国交通频道","奋进1号,交通安全预警提示",0,0,0,2020-03-02 08:41,iPhone客户端,,,
4477945970121597,IwHJj0vDf,7386174791,三叔纯搞笑菌,只要思想不滑坡搬砖换成电瓶车#搞笑幽默#L三叔纯搞笑菌的微博视频,,,,搞笑幽默,0,0,0,2020-03-02 08:29,,,"http://f.video.weibocdn.com/l8ZfC6onlx07BnpjHX4k0104120029PG0E010.mp4?label=mp4_ld&template=360x636.24.0&trans_finger=81b11b8c5ffb62d33ceb3244bdd17e7b&Expires=1591781623&ssig=Br3cJLOSSo&KID=unistore,video",
4477944603168547,IwHH6dihB,5070020756,KONOYUKI,不管事情是不是真的，因为偶像的事业滑坡就去寻短见，我觉得挺傻的。我希望每个女孩都能好好珍视自己的生命，别为一个根本不认识你也不在乎你的男人要死要活。世界很大很美好，追星只是其中一部分，而且你追的这个偶像，你甚至都不知道你喜欢的究竟是他的包装还是他本人。,,,,,0,0,2,2020-03-02 08:24,YukinoAndroid,,,
4477941519679702,IwHC7EC8e,6987643165,仓鼠Stella,凡是分不清个人、群体和公众边界，不接受规则的商榷探讨的人，没有讨论“自由”的资格。一群利己主义的小蠢货，真觉得举个“XX自由”的大旗，就可以挥着滑坡谬误到处打人甚至挟洋自重，那可真别怨恨踢到铁板被铁拳制裁。,,,,,1,4,3,2020-03-02 08:11,HUAWEI nova 2,,,
4477940462578030,IwHAqaOF8,6390513148,冒高芬_幼小,山体滑坡是常见的地质灾害之一。据英国《每日邮报》报道，当地时间2月16日，美国阿拉斯加州发生了世界上最大的自然山体滑坡，一块重达6800万吨的石头和岩屑从山上滑落，在地表滑行约4.8千米，留下了近40英尺(约12米)深的痕迹。,,随州·麦肯普汉堡,,,0,0,1,2020-03-02 08:07,iPhone客户端,['http://ww3.sinaimg.cn/large/006M4R4qly1gbuivn26svj30n80f676n.jpg'],,
4477936696775114,IwHulsqw2,1352158527,DAMA少女许豆豆,能不能停下来了………双方都是…………………已经滑坡向奇怪的深渊了能不能都停止。非得不断斗嘴、举报、批斗，斗死人然后反省一套流程走下来才能醍醐灌顶是吗。为什么互相都要逼别人去死。哪怕那个人跟你其实毫无瓜葛。艹。,,,,,0,0,0,2020-03-02 07:52,iPhone客户端,,,
4477935396245847,IwHsfqcPt,2772113637,阿雪今天背单词了吗,不愧是举报的好狗果然尝到了甜头之后就会再次联合公权力阉割这不是滑坡论证啊我想了很久想不明白做人怎么可以这样？乌鸡鲅鱼,,,,,0,2,3,2020-03-02 07:47,千玺的千纸鹤,,,
4477927494042910,IwHfvgXKe,7329747825,这个有点趣,只要思想不滑坡，困难总比办法多。#一句冷幽默##搞笑视频#L这个有点趣的微博视频,,,,"一句冷幽默,搞笑视频",0,0,0,2020-03-02 07:16,微博视频,,"http://f.video.weibocdn.com/000ePfNUgx07Bnkh4qnB010412004SXn0E010.mp4?label=mp4_ld&template=360x640.24.0&trans_finger=81b11b8c5ffb62d33ceb3244bdd17e7b&Expires=1591781623&ssig=kFRHBNJWaK&KID=unistore,video",
4477926521502683,IwHdW6iUP,1815102975,聂步龙崎,开工半个月，心态呈断崖式滑坡_(:з」∠)_#工作##工作日志#,,,,"工作,工作日志",0,1,2,2020-03-02 07:12,前后2000万 OPPO R11,"['http://ww4.sinaimg.cn/large/6c3045ffgy1gcf7tielw8j212q0u07a2.jpg', 'http://ww4.sinaimg.cn/large/6c3045ffgy1gcf7tkrht9j21500u0wm8.jpg', 'http://ww4.sinaimg.cn/large/6c3045ffgy1gcf7tmzparj214b0u046g.jpg']",,
